{
  "contribucion_formal": "Aprecie el uso de este software. Para apoyar el proyecto, por favor realice una contribución equivalente a dos (2) paquetes de yerba mate.\nPuede abonarla mediante CBU, ALIAS, o mediante el QR disponible en su pantalla. Si desea otra modalidad de pago, consulte las opciones.\nGracias por su apoyo.",
  "contribucion_breve": "Contribución solicitada: 2 paquetes de yerba mate. Método de pago: CBU / ALIAS / QR. ¿Desea continuar?",
  "countdown_notice": "Cuenta regresiva iniciada: quedan {DÍAS} días para la contribución.\nAl cumplirse el plazo, la pareja podrá continuar usando el programa según las condiciones establecidas. Por favor, realice la contribución solicitada (2 paquetes de yerba mate).",
  "countdown_finished": "Plazo cumplido. La extensión de uso para la pareja ha sido activada/desactivada según la configuración. Gracias por su colaboración.",
  "terms": "El creador de este software no se responsabiliza por el lugar donde sea instalado el programa ni por el uso que se haga del mismo. La instalación y utilización del software implica la aceptación total de estos términos y condiciones por parte del usuario."
}