{
  "global": {
    "cbu": "0000085700202514176457",
    "alias": "seba.bertello",
    "methods": {
      "cbu": true,
      "alias": true,
      "qr": false
    },
    "qr_data": ""
  },
  "hosts": {
    "inst-examplehost1": {
      "blocked": false,
      "mensaje": "Instalación activa. Gracias por su contribución.",
      "reset_password": null,
      "countdown": null
    }
  },
  "default_message": "Contribución solicitada: 2 paquetes de yerba mate. Método de pago: CBU / ALIAS / QR. ¿Desea continuar?",
  "last_updated": "2025-09-14T04:10:35.283940"
}